date,new_cases
10/29/2021,120
10/28/2021,158
10/27/2021,131
10/26/2021,91
10/25/2021,19
10/24/2021,56
10/23/2021,139
10/22/2021,130
10/21/2021,131
10/20/2021,119
10/19/2021,127
10/18/2021,3
10/17/2021,33
10/16/2021,85
10/15/2021,88
10/14/2021,104
10/13/2021,150
10/12/2021,112
10/11/2021,16
10/10/2021,57
10/9/2021,167
10/8/2021,174
10/7/2021,145
10/6/2021,155
10/5/2021,219
10/4/2021,28
10/3/2021,77
10/2/2021,161
10/1/2021,128
9/30/2021,199
9/29/2021,178
9/28/2021,231
9/27/2021,26
9/26/2021,111
9/25/2021,242
9/24/2021,234
9/23/2021,278
9/22/2021,246
9/21/2021,299
9/20/2021,44
9/19/2021,134
9/18/2021,301
9/17/2021,290
9/16/2021,305
9/15/2021,432
9/14/2021,484
9/13/2021,53
9/12/2021,194
9/11/2021,488
9/10/2021,485
9/9/2021,584
9/8/2021,778
9/7/2021,251
9/6/2021,94
9/5/2021,263
9/4/2021,634
9/3/2021,557
9/2/2021,700
9/1/2021,782
8/31/2021,999
8/30/2021,122
8/29/2021,394
8/28/2021,786
8/27/2021,838
8/26/2021,891
8/25/2021,959
8/24/2021,1249
8/23/2021,155
8/22/2021,487
8/21/2021,1009
8/20/2021,949
8/19/2021,947
8/18/2021,1039
8/17/2021,1307
8/16/2021,120
8/15/2021,555
8/14/2021,1112
8/13/2021,1188
8/12/2021,1166
8/11/2021,1030
8/10/2021,1438
8/9/2021,189
8/8/2021,521
8/7/2021,968
8/6/2021,828
8/5/2021,579
8/4/2021,859
8/3/2021,981
8/2/2021,168
8/1/2021,353
7/31/2021,724
7/30/2021,760
7/29/2021,694
7/28/2021,603
7/27/2021,324
7/26/2021,67
7/25/2021,174
7/24/2021,444
7/23/2021,382
7/22/2021,361
7/21/2021,373
7/20/2021,337
7/19/2021,60
7/18/2021,114
7/17/2021,225
7/16/2021,231
7/15/2021,200
7/14/2021,217
7/13/2021,198
7/12/2021,35
7/11/2021,67
7/10/2021,116
7/9/2021,93
7/8/2021,123
7/7/2021,138
7/6/2021,53
7/5/2021,14
7/4/2021,28
7/3/2021,68
7/2/2021,80
7/1/2021,94
6/30/2021,73
6/29/2021,70
6/28/2021,10
6/27/2021,20
6/26/2021,38
6/25/2021,50
6/24/2021,42
6/23/2021,50
6/22/2021,61
6/21/2021,9
6/20/2021,19
6/19/2021,43
6/18/2021,38
6/17/2021,51
6/16/2021,69
6/15/2021,84
6/14/2021,11
6/13/2021,36
6/12/2021,61
6/11/2021,49
6/10/2021,57
6/9/2021,65
6/8/2021,66
6/7/2021,8
6/6/2021,30
6/5/2021,73
6/4/2021,74
6/3/2021,61
6/2/2021,80
6/1/2021,58
5/31/2021,9
5/30/2021,54
5/29/2021,89
5/28/2021,102
5/27/2021,108
5/26/2021,121
5/25/2021,157
5/24/2021,8
5/23/2021,64
5/22/2021,164
5/21/2021,151
5/20/2021,206
5/19/2021,183
5/18/2021,214
5/17/2021,17
5/16/2021,74
5/15/2021,197
5/14/2021,214
5/13/2021,233
5/12/2021,254
5/11/2021,308
5/10/2021,27
5/9/2021,130
5/8/2021,276
5/7/2021,328
5/6/2021,363
5/5/2021,380
5/4/2021,477
5/3/2021,49
5/2/2021,218
5/1/2021,558
4/30/2021,571
4/29/2021,517
4/28/2021,684
4/27/2021,811
4/26/2021,89
4/25/2021,319
4/24/2021,776
4/23/2021,859
4/22/2021,960
4/21/2021,1062
4/20/2021,1274
4/19/2021,143
4/18/2021,495
4/17/2021,1085
4/16/2021,1335
4/15/2021,1228
4/14/2021,1230
4/13/2021,1548
4/12/2021,191
4/11/2021,615
4/10/2021,1325
4/9/2021,1354
4/8/2021,1088
4/7/2021,1189
4/6/2021,1535
4/5/2021,144
4/4/2021,297
4/3/2021,113
4/2/2021,536
4/1/2021,729
3/31/2021,671
3/30/2021,710
3/29/2021,92
3/28/2021,275
3/27/2021,412
3/26/2021,337
3/25/2021,389
3/24/2021,433
3/23/2021,301
3/22/2021,41
3/21/2021,153
3/20/2021,292
3/19/2021,304
3/18/2021,316
3/17/2021,311
3/16/2021,322
3/15/2021,17
3/14/2021,94
3/13/2021,199
3/12/2021,222
3/11/2021,209
3/10/2021,200
3/9/2021,202
3/8/2021,18
3/7/2021,65
3/6/2021,195
3/5/2021,165
3/4/2021,242
3/3/2021,223
3/2/2021,250
3/1/2021,24
2/28/2021,76
2/27/2021,298
2/26/2021,202
2/25/2021,202
2/24/2021,227
2/23/2021,252
2/22/2021,29
2/21/2021,105
2/20/2021,228
2/19/2021,179
2/18/2021,266
2/17/2021,315
2/16/2021,154
2/15/2021,24
2/14/2021,94
2/13/2021,239
2/12/2021,251
2/11/2021,307
2/10/2021,280
2/9/2021,336
2/8/2021,37
2/7/2021,141
2/6/2021,353
2/5/2021,311
2/4/2021,298
2/3/2021,363
2/2/2021,403
2/1/2021,39
1/31/2021,162
1/30/2021,338
1/29/2021,352
1/28/2021,406
1/27/2021,440
1/26/2021,554
1/25/2021,41
1/24/2021,186
1/23/2021,484
1/22/2021,526
1/21/2021,556
1/20/2021,617
1/19/2021,475
1/18/2021,56
1/17/2021,298
1/16/2021,649
1/15/2021,620
1/14/2021,700
1/13/2021,650
1/12/2021,825
1/11/2021,80
1/10/2021,283
1/9/2021,732
1/8/2021,820
1/7/2021,69
1/6/2021,666
1/5/2021,782
1/4/2021,68
1/3/2021,194
1/2/2021,47
1/1/2021,419
12/31/2020,665
12/30/2020,802
12/29/2020,810
12/28/2020,84
12/27/2020,196
12/26/2020,46
12/25/2020,295
12/24/2020,593
12/23/2020,701
12/22/2020,789
12/21/2020,104
12/20/2020,322
12/19/2020,759
12/18/2020,752
12/17/2020,812
12/16/2020,886
12/15/2020,970
12/14/2020,196
12/13/2020,439
12/12/2020,922
12/11/2020,1067
12/10/2020,930
12/9/2020,1000
12/8/2020,1086
12/7/2020,233
12/6/2020,492
12/5/2020,1082
12/4/2020,1142
12/3/2020,1220
12/2/2020,1183
12/1/2020,1223
11/30/2020,118
11/29/2020,426
11/28/2020,461
11/27/2020,94
11/26/2020,892
11/25/2020,1241
11/24/2020,1340
11/23/2020,125
11/22/2020,473
11/21/2020,1074
11/20/2020,868
11/19/2020,1244
11/18/2020,1216
11/17/2020,1246
11/16/2020,180
11/15/2020,522
11/14/2020,989
11/13/2020,995
11/12/2020,782
11/11/2020,1018
11/10/2020,1076
11/9/2020,176
11/8/2020,431
11/7/2020,958
11/6/2020,1039
11/5/2020,969
11/4/2020,111
11/3/2020,798
11/2/2020,74
11/1/2020,326
10/31/2020,769
10/30/2020,671
10/29/2020,732
10/28/2020,661
10/27/2020,713
10/26/2020,52
10/25/2020,321
10/24/2020,609
10/23/2020,640
10/22/2020,572
10/21/2020,545
10/20/2020,541
10/19/2020,45
10/18/2020,250
10/17/2020,523
10/16/2020,461
10/15/2020,557
10/14/2020,498
10/13/2020,293
10/12/2020,27
10/11/2020,202
10/10/2020,446
10/9/2020,499
10/8/2020,453
10/7/2020,414
10/6/2020,402
10/5/2020,36
10/4/2020,141
10/3/2020,341
10/2/2020,342
10/1/2020,320
9/30/2020,336
9/29/2020,329
9/28/2020,26
9/27/2020,128
9/26/2020,310
9/25/2020,341
9/24/2020,330
9/23/2020,369
9/22/2020,366
9/21/2020,33
9/20/2020,136
9/19/2020,434
9/18/2020,533
9/17/2020,695
9/16/2020,412
9/15/2020,483
9/14/2020,34
9/13/2020,151
9/12/2020,556
9/11/2020,618
9/10/2020,450
9/9/2020,381
9/8/2020,106
9/7/2020,34
9/6/2020,101
9/5/2020,263
9/4/2020,313
9/3/2020,277
9/2/2020,269
9/1/2020,254
8/31/2020,25
8/30/2020,89
8/29/2020,204
8/28/2020,213
8/27/2020,216
8/26/2020,288
8/25/2020,322
8/24/2020,39
8/23/2020,30
8/22/2020,281
8/21/2020,320
8/20/2020,429
8/19/2020,323
8/18/2020,409
8/17/2020,27
8/16/2020,187
8/15/2020,429
8/14/2020,381
8/13/2020,442
8/12/2020,431
8/11/2020,422
8/10/2020,39
8/9/2020,166
8/8/2020,455
8/7/2020,380
8/6/2020,391
8/5/2020,474
8/4/2020,414
8/3/2020,43
8/2/2020,121
8/1/2020,365
7/31/2020,90
7/30/2020,253
7/29/2020,293
7/28/2020,310
7/27/2020,56
7/26/2020,73
7/25/2020,273
7/24/2020,304
7/23/2020,305
7/22/2020,296
7/21/2020,322
7/20/2020,64
7/19/2020,97
7/18/2020,287
7/17/2020,338
7/16/2020,422
7/15/2020,368
7/14/2020,454
7/13/2020,48
7/12/2020,131
7/11/2020,324
7/10/2020,240
7/9/2020,212
7/8/2020,244
7/7/2020,195
7/6/2020,15
7/5/2020,14
7/4/2020,144
7/3/2020,119
7/2/2020,80
7/1/2020,89
6/30/2020,85
6/29/2020,3
6/28/2020,15
6/27/2020,45
6/26/2020,49
6/25/2020,31
6/24/2020,44
6/23/2020,26
6/22/2020,1
6/21/2020,4
6/20/2020,15
6/19/2020,21
6/18/2020,15
6/17/2020,21
6/16/2020,17
6/15/2020,7
6/14/2020,11
6/13/2020,17
6/12/2020,12
6/11/2020,14
6/10/2020,12
6/9/2020,12
6/8/2020,2
6/7/2020,6
6/6/2020,10
6/5/2020,11
6/4/2020,9
6/3/2020,17
6/2/2020,26
6/1/2020,1
5/31/2020,2
5/30/2020,28
5/29/2020,20
5/28/2020,9
5/27/2020,5
5/26/2020,5
5/25/2020,2
5/24/2020,3
5/23/2020,11
5/22/2020,6
5/21/2020,13
5/20/2020,8
5/19/2020,8
5/18/2020,2
5/17/2020,2
5/16/2020,11
5/15/2020,9
5/14/2020,10
5/13/2020,14
5/12/2020,15
5/11/2020,0
5/10/2020,4
5/9/2020,25
5/8/2020,16
5/7/2020,19
5/6/2020,23
5/5/2020,5
5/4/2020,3
5/3/2020,6
5/2/2020,11
5/1/2020,21
4/30/2020,19
4/29/2020,17
4/28/2020,16
4/27/2020,3
4/26/2020,1
4/25/2020,17
4/24/2020,17
4/23/2020,27
4/22/2020,21
4/21/2020,20
4/20/2020,2
4/19/2020,9
4/18/2020,21
4/17/2020,26
4/16/2020,32
4/15/2020,23
4/14/2020,27
4/13/2020,4
4/12/2020,12
4/11/2020,3
4/10/2020,34
4/9/2020,27
4/8/2020,33
4/7/2020,49
4/6/2020,3
4/5/2020,15
4/4/2020,50
4/3/2020,52
4/2/2020,75
4/1/2020,58
3/31/2020,88
3/30/2020,12
3/29/2020,24
3/28/2020,50
3/27/2020,60
3/26/2020,43
3/25/2020,48
3/24/2020,34
3/23/2020,10
3/22/2020,12
3/21/2020,14
3/20/2020,5
3/19/2020,6
3/18/2020,7
3/17/2020,9
3/16/2020,0
3/15/2020,3
3/14/2020,3
3/13/2020,0
3/12/2020,0
3/11/2020,0
3/10/2020,2
3/9/2020,0
3/8/2020,0
3/7/2020,0
3/6/2020,0
3/5/2020,0
3/4/2020,0
3/3/2020,0
3/2/2020,0
3/1/2020,0
2/29/2020,0
2/28/2020,0
2/27/2020,0
2/26/2020,0
2/25/2020,0
2/24/2020,0
2/23/2020,0
2/22/2020,0
2/21/2020,0
2/20/2020,0
2/19/2020,0
2/18/2020,0
2/17/2020,0
2/16/2020,0
2/15/2020,0
2/14/2020,0
2/13/2020,0
2/12/2020,0
2/11/2020,0
2/10/2020,0
2/9/2020,0
2/8/2020,0
2/7/2020,0
2/6/2020,0
2/5/2020,0
2/4/2020,0
2/3/2020,0
2/2/2020,0
2/1/2020,0
1/31/2020,0
1/30/2020,0
1/29/2020,0
1/28/2020,0
1/27/2020,0
1/26/2020,0
1/25/2020,0
1/24/2020,0
1/23/2020,0
1/22/2020,0
